1,jia_jia_robot,93.26,University of Science and Technology (China),1_jia_jia_robot,http://news.xinhuanet.com/english/2016-04/15/c_135282841.htm,,4.283,0.91,-0.575,-0.28,0.990,0.975,1.000,0.042,1.000,1.000,1.000,1.000,1.000,1.000,0.929,1.000,1.000,1.000,1.000,0.875,1.000,1.000,1.000,1.000,0.083,0.000,3
2,Snabot,6.04,SnapChat ,2_Snaptbot,https://www.spectacles.com/map/,,-0.281,-1.685,-0.522,-1.086,0.089,0.000,0.543,0.034,0.077,0.000,0.000,0.077,0.000,0.467,0.000,0.000,0.000,0.000,0.000,0.000,0.909,0.357,0.214,0.692,0.000,0.067,2
3,lego_robot_1_Gripper,15.92,LEGO,3_lego_robot_1,https://www.lego.com/en-us/mindstorms/build-a-robot/gripp3r,,-0.149,0.157,-0.126,2.252,0.093,0.584,0.695,0.962,0.000,0.067,0.000,0.214,0.214,0.154,0.000,0.933,0.733,0.400,0.467,0.385,0.769,0.857,0.867,0.286,1.000,0.923,4
4,lego_robot_2_NXT_2.0,38.09,LEGO,4_lego_robot_2,https://shop.lego.com/en-CA/LEGO-MINDSTORMS-NXT-2-0-8547,,-0.484,0.71,0.41,-0.194,0.131,0.823,0.767,0.263,0.067,0.286,0.125,0.308,0.000,0.133,0.000,1.000,0.533,0.583,1.000,1.000,0.933,0.800,1.000,0.333,0.455,0.071,3
5,Mini,28.22,"Robotics Lab, Universidad Carlos III de Madrid",5_Mini,http://roboticslab.uc3m.es/roboticslab/,,0.472,-0.43,0.783,-1.03,0.299,0.371,0.964,0.000,0.786,0.200,0.100,0.154,0.154,0.267,0.429,0.867,0.067,0.133,0.786,0.000,1.000,1.000,1.000,0.857,0.000,0.000,2
6,cb2_humanoid,64.52,Osaka University,6_cb2_humanoid,http://www.eng.osaka-u.ac.jp/ja/research/index_asada.html,,0.42,1.081,0.679,-0.97,0.344,0.987,0.964,0.039,0.467,0.200,0.067,0.357,0.000,0.929,0.385,1.000,1.000,0.933,1.000,1.000,1.000,1.000,1.000,0.857,0.077,0.000,4
7,alter_humanoid,61.3,Osaka University ,7_alter_humanoid,http://www.itmedia.co.jp/news/articles/1607/29/news154.html,,1.742,0.32,0.545,0.635,0.518,0.757,1.000,0.347,0.286,0.600,0.600,0.308,0.000,1.000,0.833,1.000,1.000,1.000,0.786,0.000,1.000,1.000,1.000,1.000,0.444,0.250,2
8,jibo,1.44,Cynthia Breazeal,8_jibo,https://www.jibo.com/,,-0.175,-1.438,-2.409,-1.055,0.021,0.013,0.106,0.000,0.077,0.000,0.000,0.000,0.000,0.067,0.000,0.000,0.000,0.000,0.067,0.000,0.286,0.000,0.071,0.067,0.000,0.000,1
9,buddy_robot,23.04,Blue Frog Robotics,9_buddy_robot,http://www.bluefrogrobotics.com/en/buddy/,,0.315,-1.146,1.073,1.511,0.231,0.183,0.982,0.778,0.286,0.600,0.500,0.231,0.000,0.000,0.000,0.133,0.067,0.000,0.571,0.143,1.000,1.000,1.000,0.929,0.556,1.000,2
10,asimo_humanoid,45.4,Honda,10_asimo_humanoid,http://asimo.honda.com/,,-0.723,1.237,-1.024,-0.395,0.010,0.960,0.467,0.193,0.000,0.000,0.000,0.000,0.000,0.071,0.000,1.000,0.867,1.000,0.933,1.000,0.462,0.333,1.000,0.071,0.308,0.077,4
11,nao_humanoid,45.92,Aldebaran,11_nao_humanoid,https://www.ald.softbankrobotics.com/en/robots/nao,,-0.904,1.045,0.72,-0.912,0.039,0.973,0.876,0.077,0.067,0.067,0.000,0.071,0.071,0.000,0.000,1.000,1.000,0.933,0.933,1.000,1.000,0.933,1.000,0.571,0.154,0.000,4
12,baxter_industrial,27.3,Rethink Robotics,12_baxter_industrial,http://www.rethinkrobotics.com/baxter/,,0.125,0.183,0.243,0.559,0.240,0.680,0.699,0.417,0.214,0.933,0.200,0.154,0.182,0.000,0.000,1.000,0.667,0.733,0.714,0.286,1.000,0.786,0.867,0.143,0.333,0.500,2
13,riba_ii,31,Riken Research Center and Tokai Rubber Industries,13_riba_ii,http://www.riken.jp/en/pr/press/2011/20110802_2/,,0.251,0.508,0.782,1.38,0.261,0.744,0.950,0.756,0.400,0.000,0.062,0.143,0.000,0.933,0.286,1.000,0.467,0.692,1.000,0.562,1.000,1.000,1.000,0.800,0.583,0.929,3
15,altair_ez2,40.17,Tony Ellis (Applied Machine Intelligence (AMI)),15_altair_ez2,http://www.appliedmachineintelligence.co.uk/robots.html,,-0.569,0.812,0.806,1.124,0.058,0.871,0.950,0.625,0.133,0.071,0.062,0.071,0.000,0.067,0.000,1.000,0.933,0.923,1.000,0.500,1.000,0.867,1.000,0.933,0.750,0.500,3
16,aimec_3,39.09,Tony Ellis (Applied Machine Intelligence (AMI)),16_aimec_3,http://www.appliedmachineintelligence.co.uk/robots.html,http://www.appliedmachineintelligence.co.uk/Robot%20Magazine.pdf,-0.042,1.052,0.753,0.721,0.203,0.974,0.967,0.507,0.133,0.000,0.200,0.286,0.000,0.733,0.071,1.000,0.933,1.000,1.000,0.938,1.000,0.933,1.000,0.933,0.727,0.286,3
19,asus_zenbo,25.96,ASUS,19_asus_zenbo,https://zenbo.asus.com/product/overview/,,-0.201,-1.455,1.116,0.529,0.165,0.071,0.927,0.511,0.143,0.733,0.200,0.077,0.000,0.000,0.000,0.000,0.000,0.000,0.214,0.143,0.923,1.000,1.000,0.786,0.333,0.688,2
20,kirobo_mini,51.26,Toyota,20_kirobo_mini,https://www.toyota-europe.com/world-of-toyota/articles-news-events/introducing-kirobo-mini,,0.025,0.738,0.69,-1.156,0.228,0.803,0.967,0.042,0.467,0.071,0.000,0.714,0.000,0.133,0.214,1.000,0.400,0.615,1.000,1.000,1.000,0.933,1.000,0.933,0.083,0.000,3
22,aldebaran_pepper,42.17,Aldebaran,22_aldebaran_pepper,https://www.ald.softbankrobotics.com/en/cool-robots/pepper,,0.094,0.772,0.796,1.597,0.227,0.858,0.962,0.771,0.143,0.071,0.000,0.231,0.000,1.000,0.143,1.000,1.000,0.933,0.929,0.429,0.917,1.000,1.000,0.929,0.667,0.875,2
23,aldebaran_romeo,62.22,Aldebaran,23_aldebaran_romeo,https://www.ald.softbankrobotics.com/en/cool-robots/romeo,,0.468,1.062,0.747,-0.908,0.337,0.987,1.000,0.042,0.267,0.429,0.125,0.786,0.143,0.467,0.143,1.000,0.933,1.000,1.000,1.000,1.000,1.000,1.000,1.000,0.083,0.000,3
24,aida_driving_agent,19.57,Personal Robots Group,24_aida_driving_agent,http://robotic.media.mit.edu/portfolio/aida/,,-0.588,-1.397,-0.012,-0.513,0.039,0.015,0.588,0.174,0.071,0.000,0.200,0.000,0.000,0.000,0.000,0.000,0.000,0.000,0.077,0.000,0.833,0.786,0.733,0.000,0.222,0.125,2
25,Darwin_OP,40.04,Robotics and Mechanisms Laboratory (RoMeLa),25_Darwin_OP,http://www.romela.org/darwin-op-open-platform-humanoid-robot-for-research-and-education/,,-0.888,0.575,0.517,-0.683,0.071,0.760,0.736,0.154,0.000,0.000,0.000,0.143,0.000,0.357,0.000,0.933,0.400,0.600,0.867,1.000,1.000,0.800,1.000,0.143,0.308,0.000,4
26,mobiserv_companion,31.61,Mobiserv,26_mobiserv_companion,http://www.smart-homes.nl/Innoveren/Sociale-Robots/Mobiserv.aspx,,0.45,-0.757,0.011,1.668,0.224,0.171,0.715,0.834,0.500,0.067,0.000,0.462,0.538,0.000,0.000,0.000,0.000,0.000,0.643,0.214,1.000,0.857,0.933,0.071,0.667,1.000,2
28,robonaut,47.04,NASA & GM,28_robonaut,https://robonaut.jsc.nasa.gov/R2/,,0.02,1.434,-1.189,-0.337,0.139,0.987,0.548,0.234,0.462,0.000,0.000,0.429,0.000,0.000,0.083,1.000,1.000,1.000,0.933,1.000,0.357,0.500,1.000,0.333,0.182,0.286,1
29,Zeno,61.84,Hanson Robotics,29_Zeno,http://www.hansonrobotics.com/robot/zeno/,,2.117,0.99,0.174,-0.354,0.651,0.987,0.982,0.123,0.462,0.846,0.286,0.929,0.786,1.000,0.250,1.000,0.933,1.000,1.000,1.000,0.929,1.000,1.000,1.000,0.091,0.154,1
30,han,77.04,Hanson Robotics,30_han,http://www.hansonrobotics.com/robot/han/,,2.295,-1.125,0.75,-0.472,0.661,0.267,1.000,0.039,0.000,1.000,0.933,0.857,0.143,1.000,0.692,0.733,0.133,0.000,0.467,0.000,1.000,1.000,1.000,1.000,0.077,0.000,4
31,albert_hubo,63.72,Hanson Robotics / Dynamic Korea,31_albert_hubo,http://www.hansonrobotics.com/robot/albert-einstein-hubo/,,2.736,0.546,0.092,-0.048,0.738,0.893,0.964,0.161,0.200,1.000,0.867,0.857,0.857,1.000,0.385,1.000,0.733,0.800,0.933,1.000,1.000,1.000,1.000,0.857,0.167,0.154,4
33,poppy,37.56,Poppy Project (Open Source),33_poppy,http://www.poppy-project.org,,-0.373,1.27,-2.007,-0.948,0.021,0.961,0.350,0.036,0.077,0.000,0.000,0.071,0.000,0.000,0.000,1.000,1.000,0.938,0.867,1.000,0.000,0.071,0.929,0.400,0.000,0.071,1
34,telenoid,53.13,Osaka University & Advanced Telecommunications Research Institute International (ATR),34_telenoid,http://telenoid-planning.jp/,,0.472,-0.334,0.964,-0.845,0.341,0.447,0.983,0.084,0.400,0.143,0.062,0.214,0.000,1.000,0.571,0.733,0.000,0.077,0.923,0.500,1.000,1.000,1.000,0.933,0.167,0.000,3
36,topio_3.0,65.74,TOSY,36_topio_3.0,https://www.robotcenter.co.uk/products/topio,,0.067,0.844,0.822,-1.163,0.291,0.893,0.945,0.000,0.071,0.133,0.000,0.692,0.000,1.000,0.143,1.000,0.800,0.667,1.000,1.000,0.923,1.000,1.000,0.857,0.000,0.000,2
37,discorobo,50.39,TOSY,37_discorobo,http://www.tosy.com/index.php/discorobo/,,-0.117,1.164,0.528,0.553,0.152,0.987,0.967,0.560,0.571,0.071,0.062,0.286,0.000,0.000,0.071,1.000,0.933,1.000,1.000,1.000,0.933,0.933,1.000,1.000,0.333,0.786,3
38,InMoov,59,Gael Langevin,38_InMoov,https://inmoov.fr/,,0.119,0.601,0.968,0.392,0.263,0.786,0.962,0.400,0.286,0.067,0.100,0.385,0.000,1.000,0.000,1.000,1.000,1.000,0.929,0.000,1.000,1.000,1.000,0.846,0.111,0.688,2
39,Kismet,29.04,Cynthia Brezeal MIT Sociable Machines Project,39_Kismet,http://www.ai.mit.edu/projects/humanoid-robotics-group/kismet/kismet.html,,0.409,-1.645,0.846,-0.707,0.297,0.054,0.861,0.042,0.000,0.867,0.571,0.143,0.214,0.286,0.000,0.133,0.071,0.000,0.067,0.000,1.000,0.867,0.933,0.643,0.083,0.000,4
40,Nexi,44.09,"Massachusetts Institute of Technology
",40_Nexi,http://robotic.media.mit.edu/portfolio/nexi/,,0.547,-0.123,1.237,2.171,0.358,0.613,1.000,0.889,0.000,0.933,0.200,0.231,0.000,1.000,0.143,1.000,0.533,0.533,0.857,0.143,1.000,1.000,1.000,1.000,0.778,1.000,2
41,Pino,42.56,ZMP Inc.,41_Pino,http://www.roboticstoday.com/robots/pino,,0.027,0.994,-1.357,-0.418,0.144,0.804,0.463,0.208,0.538,0.077,0.000,0.143,0.000,0.000,0.250,1.000,0.333,0.688,1.000,1.000,0.214,0.571,1.000,0.067,0.273,0.143,1
42,Valkyrie,50.64,NASA,42_Valkyrie,"https://www.nasa.gov/feature/valkyrie
",,0.049,1.18,-0.013,-1.106,0.205,0.987,0.825,0.000,0.385,0.385,0.000,0.429,0.071,0.000,0.167,1.000,0.933,1.000,1.000,1.000,0.643,0.857,1.000,0.800,0.000,0.000,1
43,Atlas,31.04,DARPA,43_Atlas,http://www.darpa.mil/about-us/timeline/debut-atlas-robot,,-0.192,0.353,-1.567,-1.067,0.095,0.636,0.372,0.046,0.308,0.000,0.000,0.214,0.143,0.000,0.000,1.000,0.000,0.312,0.867,1.000,0.429,0.214,0.643,0.200,0.091,0.000,1
44,Mertz,37.7,MIT CSAIL,44_Mertz,http://people.csail.mit.edu/lijin/mertz.html,,0.099,-1.666,1.254,-0.513,0.245,0.028,0.983,0.142,0.071,0.867,0.200,0.154,0.077,0.200,0.143,0.000,0.000,0.067,0.071,0.000,1.000,1.000,0.933,1.000,0.222,0.062,2
45,ECCEROBOT,33.88,7th Framework Programme,45_ECCEROBOT,http://eccerobot.org/,,Feature data not recorded for this robot.,,,,,,,,,,,,,,,,,,,,,,,,,,
46,HIRO,24.48,Kawada Industries,46_HIRO,http://global.kawada.jp/mechatronics/hiro.html,,0.141,0.731,-0.711,-0.369,0.186,0.697,0.589,0.163,0.923,0.000,0.000,0.214,0.000,0.000,0.167,1.000,0.800,0.750,0.867,0.067,0.786,0.357,1.000,0.214,0.182,0.143,1
47,PR2,20,Willow Garage,47_PR2,http://www.willowgarage.com/pages/pr2/overview,,-0.278,0.717,-0.123,0.301,0.103,0.788,0.706,0.387,0.167,0.000,0.000,0.214,0.143,0.200,0.000,1.000,0.800,0.875,0.933,0.333,0.786,0.643,0.929,0.467,0.273,0.500,1
49,MiRAE,21.35,R House Lab,49_MiRAE,http://r-house.soic.indiana.edu/projects/mirae.html,,-0.407,-1.433,0.269,-1.178,0.122,0.079,0.728,0.000,0.000,0.714,0.000,0.143,0.000,0.000,0.000,0.067,0.000,0.077,0.000,0.250,0.800,0.467,0.857,0.786,0.000,0.000,3
50,MiP,30.22,WowWee,50_MiP,http://wowwee.com/mip/,,-0.385,0.711,0.094,2.046,0.072,0.788,0.708,0.917,0.067,0.154,0.000,0.214,0.000,0.000,0.071,1.000,0.733,0.846,0.923,0.438,0.933,0.733,0.933,0.231,0.833,1.000,3
51,iCat,21.13,Philips Electronics,51_iCat,http://www.roboticstoday.com/robots/icat,,0.207,-1.393,1.363,0.702,0.294,0.128,1.000,0.497,0.133,0.786,0.333,0.071,0.000,0.733,0.000,0.067,0.000,0.000,0.308,0.267,1.000,1.000,1.000,1.000,0.636,0.357,3
52,Tico,20.91,Adele robotics,52_Tico,http://www.adelerobots.com/en/tico/,,-0.364,-1.05,0.066,-0.276,0.124,0.128,0.606,0.233,0.357,0.267,0.100,0.077,0.000,0.067,0.000,0.000,0.000,0.067,0.429,0.143,0.923,0.714,0.786,0.000,0.333,0.133,2
54,Sota,25.76,NTT Japanses telecommunication company,54_Sota,http://www.roboticstrends.com/article/sota_home_robot_to_care_for_japans_elderly,,-0.866,-0.279,1.241,0.18,0.031,0.453,0.947,0.385,0.000,0.000,0.000,0.071,0.000,0.143,0.000,0.933,0.067,0.400,0.867,0.000,1.000,1.000,1.000,0.786,0.308,0.462,4
56,Domo,30.65,"Aaron Edsinger, Humanoid robotics group MIT",56_Domo,http://people.csail.mit.edu/edsinger/domo.htm,,-0.824,0.536,0.335,-0.425,0.029,0.747,0.732,0.161,0.067,0.000,0.000,0.000,0.000,0.133,0.000,1.000,0.933,0.846,0.769,0.188,0.933,0.733,0.929,0.333,0.167,0.154,3
57,Furhat,63.43,Furhat robotics,57_Furhat,http://www.furhatrobotics.com/,,2.558,-1.481,0.47,-0.654,0.727,0.025,1.000,0.072,0.800,0.857,0.500,1.000,0.429,1.000,0.500,0.000,0.000,0.000,0.000,0.125,1.000,1.000,1.000,1.000,0.000,0.143,3
58,Muu,4.52,Christopher Bartneck in collaboration with Philips Electronics,58_Muu,http://www.bartneck.de/2002/09/01/emuu/,,-0.459,-1.622,-1.079,-1.179,0.022,0.000,0.333,0.000,0.000,0.000,0.000,0.000,0.000,0.000,0.154,0.000,0.000,0.000,0.000,0.000,1.000,0.200,0.133,0.000,0.000,0.000,4
59,Emuu,12.13,Christopher Bartneck in collaboration with Philips Electronics,59_Emuu,http://www.bartneck.de/2002/09/01/emuu/,,0.748,-1.623,0.313,0.331,0.294,0.028,0.826,0.417,0.286,0.867,0.100,0.154,0.077,0.000,0.571,0.000,0.000,0.067,0.071,0.000,0.923,0.929,0.667,0.786,0.333,0.500,2
62,Maggie,18.2,"Robotcs Lab, Universidad Carlos III de Madrid",62_Maggie,http://roboticslab.uc3m.es/roboticslab/robot/maggie,,-0.751,-0.379,1.005,0.798,0.030,0.400,0.890,0.577,0.067,0.000,0.000,0.143,0.000,0.000,0.000,0.867,0.000,0.133,1.000,0.000,1.000,0.933,0.933,0.692,0.462,0.692,4
65,RoboThespian,57.91,Engineered Arts,65_RoboThespian,https://www.engineeredarts.co.uk/robothespian/,,-0.433,1.013,0.83,-1.209,0.137,0.971,0.967,0.000,0.067,0.000,0.062,0.357,0.000,0.333,0.143,1.000,0.933,0.923,1.000,1.000,1.000,0.933,1.000,0.933,0.000,0.000,3
67,Aryan,24.08,MIT,67_Aryan,http://people.csail.mit.edu/hmobahi/aryan/,,0.174,-1.479,0.736,-0.694,0.277,0.053,0.806,0.077,0.000,0.867,0.071,0.357,0.286,0.357,0.000,0.133,0.000,0.000,0.133,0.000,0.923,0.867,0.933,0.500,0.077,0.077,4
68,EMYS,40.52,FLASH Robotics,68_EMYS,http://www.flash-robotics.com/products/emys,,-0.323,-1.548,1.312,-0.722,0.197,0.038,0.967,0.125,0.000,0.429,0.000,0.214,0.000,0.733,0.000,0.000,0.000,0.000,0.000,0.188,1.000,0.933,0.933,1.000,0.250,0.000,3
69,QRIO,45.96,Sony,69_QRIO,https://www.sony.net/SonyInfo/CorporateInfo/History/sonyhistory-j.html,,-0.665,0.74,0.046,-0.222,0.063,0.799,0.673,0.285,0.143,0.000,0.000,0.154,0.000,0.000,0.143,1.000,0.533,0.533,0.929,1.000,0.917,0.769,0.933,0.071,0.444,0.125,2
70,iRobi-Q,18,YuJin Robot co.,70_iRobi-Q,http://en.yujinrobot.com/archives/portfolio-items/irobi-q,,-0.393,-0.662,0.742,0.599,0.091,0.292,0.899,0.512,0.133,0.077,0.000,0.286,0.000,0.067,0.071,0.733,0.000,0.231,0.308,0.188,0.933,0.867,0.929,0.867,0.667,0.357,3
71,PaPeRo,16.92,NEC platform corporation,71_PaPeRo,http://www.necplatforms.co.jp/solution/marketplace/,,-0.577,-0.7,0.477,0.367,0.075,0.253,0.712,0.530,0.083,0.077,0.000,0.214,0.071,0.000,0.083,0.000,0.000,0.000,0.667,0.600,1.000,0.846,1.000,0.000,0.273,0.786,1
74,iCub,56.57,Italian Institute of Technology,74_iCub,http://www.icub.org/,,-0.282,1.163,0.557,-1.109,0.213,1.000,0.808,0.000,0.214,0.067,0.100,0.231,0.000,0.733,0.143,1.000,1.000,1.000,1.000,1.000,1.000,1.000,1.000,0.231,0.000,0.000,2
75,HOVIS Genie,27.4,Hovis DST robot (Sastra),75_Genie,http://www.dongburobot.com/jsp/cms/view.jsp?code=100797,,-0.505,0.623,0.561,1.167,0.066,0.775,0.822,0.692,0.077,0.077,0.000,0.143,0.000,0.000,0.167,1.000,0.733,0.875,0.867,0.400,1.000,0.929,1.000,0.357,0.455,0.929,1
76,Anette,10.4,Sastra Robotics,76_Anette,http://www.sastrarobotics.com/products/anette-telepresence-robot/,,0.135,-0.688,-1.721,0.912,0.092,0.187,0.327,0.647,0.250,0.000,0.000,0.143,0.071,0.000,0.182,0.067,0.000,0.000,0.467,0.400,0.308,0.143,0.857,0.000,0.364,0.929,1
77,HOVIS Echo+,38.84,Hovis DST robot (Sastra),77_Echo+,http://www.sastrarobotics.com/products/hovis-eco/,,-0.928,0.705,0.417,-0.293,0.050,0.800,0.700,0.270,0.000,0.067,0.000,0.143,0.000,0.143,0.000,1.000,0.400,0.667,0.933,1.000,1.000,0.800,1.000,0.000,0.385,0.154,4
80,BINA48,73.04,Hanson robotics,80_BINA48,http://www.hansonrobotics.com/robot/bina48/,,3.875,-1.604,-0.086,-0.362,0.911,0.015,0.983,0.042,0.733,1.000,0.933,1.000,1.000,1.000,0.714,0.000,0.000,0.077,0.000,0.000,1.000,1.000,1.000,0.933,0.083,0.000,3
81,Sophia,78.88,Hanson Robotics,81_Sophia,http://sophiabot.com/,,2.54,0.561,0.352,-0.348,0.742,0.815,0.982,0.039,1.000,1.000,0.800,0.786,0.143,1.000,0.462,1.000,1.000,1.000,1.000,0.077,1.000,1.000,1.000,0.929,0.000,0.077,4
86,Igus NimbRo,48.2,University of Bonn,86_Igus NimbRo,http://www.nimbro.net/Humanoid/robots.html,,-0.896,0.447,0.407,-0.769,0.061,0.693,0.701,0.154,0.067,0.000,0.000,0.214,0.000,0.143,0.000,0.933,0.133,0.467,0.933,1.000,1.000,0.733,1.000,0.071,0.231,0.077,4
90,Cosero,45.96,University of Bonn,90_Cosero,http://www.ais.uni-bonn.de/nimbro/@Home/,,1.156,0.015,0.935,-0.137,0.493,0.612,1.000,0.174,0.571,0.733,0.400,0.462,0.000,1.000,0.286,1.000,0.533,0.600,0.857,0.071,1.000,1.000,1.000,1.000,0.222,0.125,2
91,Flobi,46.32,University of Bielefeld,91_Flobi,https://aiweb.techfak.uni-bielefeld.de/flobi-head,,2.075,-1.08,0.626,-0.608,0.674,0.160,1.000,0.081,0.833,1.000,0.143,0.929,0.714,0.933,0.167,0.000,0.000,0.000,0.467,0.333,1.000,1.000,1.000,1.000,0.091,0.071,1
92,TJ Bot,9.04,IBM,92_TJ Bot,https://ibmtjbot.github.io/,,-0.785,-0.478,1.021,-1.239,0.053,0.424,0.966,0.081,0.000,0.000,0.000,0.286,0.000,0.000,0.083,0.867,0.067,0.188,0.067,0.933,1.000,1.000,0.929,0.933,0.091,0.071,1
93,DURUS,21.87,Amber labs,93_DURUS,http://www.bipedalrobotics.com/,,-0.258,-0.472,-1.996,-0.355,0.042,0.383,0.216,0.253,0.214,0.000,0.000,0.000,0.077,0.000,0.000,0.200,0.000,0.000,0.714,1.000,0.500,0.231,0.133,0.000,0.444,0.062,2
94,SociBot mini,51.09,Engineered arts,94_SociBot mini,https://www.engineeredarts.co.uk/product/socibot/,,1.591,-1.55,1.009,0.197,0.545,0.086,1.000,0.299,0.214,1.000,0.600,0.417,0.154,1.000,0.429,0.000,0.000,0.000,0.429,0.000,1.000,1.000,1.000,1.000,0.222,0.375,2
95,SociBot Kiosk,42.6,Engineered arts,95_SociBot Kiosk,https://www.engineeredarts.co.uk/product/socibot-mini/,,0.77,0.326,0.979,-0.466,0.436,0.734,0.983,0.046,0.308,0.846,0.000,0.385,0.429,1.000,0.083,1.000,0.800,0.938,0.933,0.000,1.000,1.000,1.000,0.933,0.091,0.000,1
96,Cozmo,13.87,Anki,96_Cozmo,https://anki.com/en-us/cozmo,,-0.014,-0.988,0.056,2.179,0.101,0.178,0.767,1.000,0.133,0.143,0.000,0.286,0.071,0.000,0.071,0.467,0.067,0.154,0.000,0.200,0.867,0.733,0.733,0.733,1.000,1.000,3
97,GoCart,11.09,YuJin Robot co.,97_GoCart,http://gocart.yujinrobot.com/,,0.05,-1.105,-2.648,1.286,0.010,0.110,0.134,0.750,0.067,0.000,0.000,0.000,0.000,0.000,0.000,0.071,0.067,0.000,0.077,0.333,0.067,0.000,0.267,0.200,0.500,1.000,3
98,Human Safe Hapic Telepresence Robot,16.83,Disney Research,98_Jimmy,https://www.disneyresearch.com/publication/haptic-telepresence-robot/,,-0.747,-0.254,-0.679,-0.735,0.010,0.434,0.450,0.084,0.000,0.000,0.000,0.000,0.000,0.067,0.000,0.933,0.267,0.538,0.308,0.125,0.800,0.267,0.733,0.000,0.167,0.000,3
100,HRP-2VZ,27.52,University of Tokyo,100_HRP-2VZ,http://www.jsk.t.u-tokyo.ac.jp/research/hrp2vz/index.html,,-0.554,0.705,0.653,-0.327,0.140,0.814,0.750,0.189,0.154,0.538,0.000,0.286,0.000,0.000,0.000,1.000,0.929,0.875,0.933,0.333,1.000,1.000,1.000,0.000,0.091,0.286,1
101,Kuri,22.96,Mayfield Robotics,101_Kuri,https://www.heykuri.com/,,-0.284,-0.821,0.426,1.944,0.093,0.155,0.732,0.914,0.357,0.000,0.000,0.077,0.077,0.000,0.143,0.000,0.067,0.067,0.571,0.071,1.000,0.929,1.000,0.000,0.889,0.938,2
102,Big-i,5.3,NXROBO,102_Big-i,https://www.kickstarter.com/projects/nxrobo/big-i-the-first-personalized-family-robot,,0.094,-1.431,-1.871,-0.885,0.097,0.025,0.233,0.077,0.333,0.000,0.062,0.000,0.000,0.067,0.214,0.000,0.000,0.000,0.000,0.125,0.667,0.133,0.133,0.000,0.083,0.071,3
104,Murata girl,31.76,"Murata Manufacturing Co., Ltd.",104_Murata girl,http://www.murata.com/en-us/about/mboymgirl/mgirl,,-0.373,0.4,0.294,1.375,0.119,0.642,0.732,0.808,0.333,0.000,0.000,0.286,0.071,0.143,0.000,0.933,0.231,0.267,0.933,0.846,0.923,0.933,1.000,0.071,0.615,1.000,4
105,TALOS,48,PAL-ROBOTICS,105_TALOS,http://pal-robotics.com/en/products/talos/,,-0.615,1.245,-0.254,0.257,0.064,0.960,0.622,0.406,0.214,0.000,0.000,0.231,0.000,0.000,0.000,1.000,1.000,0.800,1.000,1.000,0.846,0.643,1.000,0.000,0.500,0.312,2
106,TIAGo,23.35,PAL-ROBOTICS,106_TIAGo,http://tiago.pal-robotics.com/,,-0.503,0.282,0.282,0.759,0.048,0.702,0.847,0.631,0.067,0.000,0.000,0.071,0.000,0.200,0.000,0.733,0.933,0.923,0.231,0.688,0.933,0.600,0.923,0.933,0.333,0.929,3
107,REEM,42.6,PAL-ROBOTICS,107_REEM,http://pal-robotics.com/en/products/reem/,,0.307,0.842,0.039,1.445,0.207,0.788,0.750,0.737,0.417,0.000,0.000,0.357,0.357,0.067,0.250,1.000,0.667,0.938,0.933,0.400,1.000,1.000,1.000,0.000,0.545,0.929,1
108,REEM_C,53.57,PAL-ROBOTICS,108_REEM_C,http://pal-robotics.com/en/products/reem-c/,,-0.261,1.013,0.348,-0.524,0.194,0.893,0.750,0.167,0.286,0.067,0.000,0.385,0.077,0.400,0.143,1.000,0.867,0.667,0.929,1.000,1.000,1.000,1.000,0.000,0.333,0.000,2
109,Robovie,31.13,ATR Intelligent Robotics and Communication Laboratories,109_Robovie,http://www.irc.atr.jp/~miyasita/miya-robovie-eng/About_Robovies.html,,-0.009,-0.184,1.111,-0.633,0.237,0.502,0.982,0.118,0.286,0.067,0.200,0.231,0.000,0.733,0.143,1.000,0.067,0.533,0.769,0.143,1.000,1.000,1.000,0.929,0.111,0.125,2
110,Franka_Emika,8.48,Franka Emika,110_Franka_Emika,https://www.franka.de/,,-0.076,-0.658,-2.838,-0.492,0.010,0.311,0.050,0.119,0.067,0.000,0.000,0.000,0.000,0.000,0.000,0.533,0.714,0.308,0.000,0.000,0.200,0.000,0.000,0.000,0.167,0.071,3
111,Sawyer,16.92,Retink Robotics,111_Sawyer,http://www.rethinkrobotics.com/sawyer-intera-3/,,-0.328,-0.741,0.509,-0.647,0.182,0.357,0.667,0.077,0.000,1.000,0.133,0.071,0.071,0.000,0.000,0.800,0.571,0.214,0.200,0.000,1.000,0.800,0.867,0.000,0.000,0.154,4
112,Hub,15.87,LG,112_Hub,https://www.cnet.com/products/lg-hub-robot/preview/,,-0.684,-1.351,0.198,-1.044,0.040,0.028,0.654,0.042,0.000,0.000,0.000,0.143,0.000,0.067,0.071,0.000,0.000,0.000,0.077,0.062,0.867,0.733,0.800,0.214,0.083,0.000,3
113,Mykie,5.6,Seimens,113_Mykie,https://www.bsh-group.com/newsroom/press-releases/mykie-a-personal-assistant-for-the-kitchen,,-0.78,-1.14,-0.022,-1.188,0.022,0.107,0.567,0.000,0.000,0.000,0.000,0.071,0.000,0.000,0.083,0.000,0.067,0.000,0.333,0.133,0.929,0.571,0.769,0.000,0.000,0.000,1
114,Talk Torque-2,41.16,Tsukuba University,114_Talk Torque-2,http://www.roboticstoday.com/robots/talk-torque-2,https://techcrunch.com/2010/12/22/video-talktorque-2-robot-will-be-a-master-in-non-verbal-communication/,0.088,0.66,0.04,-1.065,0.255,0.674,0.714,0.086,0.923,0.000,0.000,0.692,0.000,0.000,0.167,0.933,0.067,0.438,0.933,1.000,1.000,0.857,1.000,0.000,0.100,0.071,1
115,Animated Smart Phone,14.36,"Etienne Balit, Univ Grenoble Alpes, INRIA Grenoble
",115_Animated_Smart_Phone,,,-0.718,-1.261,0.368,-0.949,0.019,0.095,0.734,0.077,0.000,0.000,0.133,0.000,0.000,0.000,0.000,0.133,0.000,0.067,0.200,0.077,0.769,0.867,0.800,0.500,0.000,0.154,4
116,manoi pf01,46.57,Kyosho,116_manoi pf01,http://www.theoldrobots.com/Japan3.html,,-0.656,0.603,0.351,-0.839,0.102,0.753,0.712,0.111,0.143,0.067,0.000,0.154,0.077,0.133,0.143,0.933,0.267,0.643,0.923,1.000,1.000,0.846,1.000,0.000,0.222,0.000,2
117,Gemini,22.24,university of Tsukuba,117_Gemini,http://www.ai.iit.tsukuba.ac.jp/research/041.html,,-0.662,0.699,0.391,-0.107,0.069,0.747,0.717,0.231,0.267,0.000,0.000,0.214,0.000,0.000,0.000,0.933,1.000,0.867,0.933,0.000,1.000,0.867,1.000,0.000,0.231,0.231,4
119,Manoi-AT01,42.88,Kyosho,119_manoi_at01,http://www.theoldrobots.com/Japan3.html,http://www.theoldrobots.com/book74/AT01_Manual.pdf,-0.565,0.54,0.517,-0.838,0.128,0.725,0.782,0.127,0.385,0.154,0.000,0.214,0.143,0.000,0.000,0.933,0.133,0.625,0.933,1.000,1.000,0.929,1.000,0.200,0.182,0.071,1
120,HRP-4,45.16,"Humanoid Research Group, National Institute of Advanced Industrial Scinece and Technology, Kawada Industries",120_HRP-4,http://global.kawada.jp/mechatronics/hrp4.html,https://staff.aist.go.jp/k.kaneko/publications/2011_publications/IROS2011-0164.pdf,-0.495,1.223,-0.739,-0.722,0.079,0.933,0.550,0.116,0.267,0.000,0.000,0.214,0.000,0.071,0.000,1.000,0.867,0.867,0.933,1.000,0.462,0.667,1.000,0.071,0.154,0.077,4
121,Kobian,47.12,"Waseda University, Osaka University, Mejiro University (see publication)",121_Kobian,http://www.takanishi.mech.waseda.ac.jp/top/research/kobian/KOBIAN-R/index.htm,,0.608,0.781,0.978,-0.802,0.410,0.987,1.000,0.039,0.154,0.846,0.429,0.357,0.071,0.933,0.083,1.000,1.000,1.000,0.933,1.000,1.000,1.000,1.000,1.000,0.000,0.077,1
122,Emiew2,44.65,Hitachi,122_Hitachi-emiew,http://www.hitachi.com/rd/portal/highlight/robotics/emiew2_01/,,-0.299,0.751,0.23,0.972,0.138,0.760,0.732,0.684,0.429,0.000,0.000,0.385,0.154,0.000,0.000,1.000,0.200,0.600,1.000,1.000,1.000,0.929,1.000,0.000,0.556,0.812,2
124,Millennia,33.6,International Robotics INC,124_Millennia,http://internationalrobotics.com/millennia-robot/,,-0.623,0.273,0.657,0.87,0.060,0.631,0.807,0.539,0.000,0.067,0.067,0.214,0.000,0.071,0.000,1.000,0.467,0.533,1.000,0.154,1.000,0.800,1.000,0.429,0.615,0.462,4
125,JD Humanoid,32.24,EZ Robots,125_JD Humanoid,https://www.ez-robot.com/Shop/AccessoriesDetails.aspx?prevCat=101&productNumber=31,,-1.046,0.78,0.609,-0.696,0.020,0.842,0.766,0.189,0.000,0.000,0.000,0.143,0.000,0.000,0.000,1.000,0.467,0.812,0.933,1.000,1.000,0.929,1.000,0.133,0.091,0.286,1
126,Felix,35.78,Achimedes Exhibitions,126_Felix,http://www.archimedes-exhibitions.de/projects/exhibits/FELIX,,-0.242,-1.674,1.224,-0.946,0.235,0.012,0.917,0.042,0.000,0.643,0.000,0.071,0.000,0.933,0.000,0.000,0.000,0.000,0.000,0.062,0.933,0.867,0.933,0.933,0.083,0.000,3
128,Flash,27.4,Flash robotics,128_Flash,http://www.flash-robotics.com/products/flash,,-0.047,0.595,0.93,0.786,0.214,0.840,0.949,0.556,0.077,0.385,0.071,0.214,0.000,0.667,0.083,1.000,1.000,1.000,0.867,0.333,1.000,0.929,1.000,0.867,0.182,0.929,1
130,Personal Robot,27.83,Autonomous,130_Personal Robot,https://www.autonomous.ai/personal-robot,,1.747,-1.551,-0.044,-0.512,0.546,0.051,0.783,0.077,0.067,0.929,0.533,0.929,0.500,0.867,0.000,0.067,0.000,0.000,0.000,0.188,0.733,0.800,0.800,0.800,0.083,0.071,3
132,Anybot,13.08,Anybot,132_Anybot,http://www.anybots.com/,,-0.383,-1.28,0.068,1.654,0.067,0.086,0.613,0.846,0.000,0.267,0.133,0.071,0.000,0.000,0.000,0.000,0.000,0.000,0.200,0.231,1.000,0.667,0.714,0.071,0.769,0.923,4
135,H5,37.12,Tohoku University Japan JSK Lab,135_H5,http://www.jsk.t.u-tokyo.ac.jp/~nishi/H5/h5.html,,-0.675,1.05,-0.308,-0.828,0.064,0.922,0.596,0.117,0.231,0.000,0.000,0.214,0.000,0.000,0.000,1.000,0.800,0.875,0.933,1.000,0.923,0.538,0.857,0.067,0.091,0.143,1
137,Hospi,16.83,Panasonic,137_Hospi,http://news.panasonic.com/global/topics/2015/44009.html,,-0.535,-1.277,0.826,-0.684,0.061,0.114,0.880,0.142,0.071,0.000,0.200,0.154,0.000,0.000,0.000,0.000,0.000,0.000,0.429,0.143,1.000,0.929,0.733,0.857,0.222,0.062,2
138,Nextage,23.52,Kawanda,138_Nextage,http://nextage.kawada.jp/en/,,-0.369,0.738,-0.88,0.157,0.056,0.760,0.482,0.341,0.077,0.000,0.000,0.231,0.000,0.000,0.083,1.000,0.733,0.933,0.867,0.267,0.571,0.500,0.857,0.000,0.182,0.500,1
139,DRU,6.28,Domino's Pizza,139_DRU,https://www.dominos.com.au/inside-dominos/technology/dru,,-0.746,-1.343,0.116,0.313,0.000,0.067,0.638,0.546,0.000,0.000,0.000,0.000,0.000,0.000,0.000,0.000,0.000,0.000,0.067,0.267,1.000,0.500,0.786,0.267,0.091,1.000,1
140,S-One,43.48,Schaft Robotics owned by Google,140_S-One,http://spectrum.ieee.org/automaton/robotics/humanoids/schaft-robot-company-bought-by-google-darpa-robotics-challenge-winner,,-0.326,0.661,-1.6,-0.694,0.060,0.746,0.350,0.125,0.000,0.000,0.062,0.357,0.000,0.000,0.000,1.000,0.267,0.615,0.846,1.000,0.400,0.133,0.733,0.133,0.250,0.000,3
142,Surena III,51.76,University of Tehran,142_Surena III,http://surenahumanoid.com/?page_id=24890,,-0.401,1.365,-1.312,-0.341,0.060,0.972,0.442,0.193,0.067,0.067,0.000,0.286,0.000,0.000,0.000,1.000,0.929,0.933,1.000,1.000,0.231,0.467,1.000,0.071,0.308,0.077,4
143,AcYut,36.4,Team AcYut,143_AcYut,http://www.acyut.com/web/index.html,,-0.699,0.602,-0.646,-0.367,0.030,0.746,0.523,0.231,0.000,0.067,0.000,0.143,0.000,0.000,0.000,0.933,0.400,0.467,0.929,1.000,0.615,0.467,0.867,0.143,0.385,0.077,4
144,Aila,43.26,German Research Centre for Artificial Intelligence (DFKI GmbH) in collaboration with the University of Bremen,144_Aila,http://robotik.dfki-bremen.de/en/research/robot-systems/aila.html,,0.508,1.025,-0.195,2.319,0.215,0.831,0.729,0.945,0.286,0.000,0.000,0.615,0.462,0.000,0.143,0.933,1.000,0.867,1.000,0.357,0.917,1.000,1.000,0.000,0.889,1.000,2
145,AMI,40.83,Korea Advanced Inst. of Science and Tech. (KAIST),145_AMI,http://www.kaist.edu/,http://www.roboticstoday.com/robots/ami,-0.457,0.844,-0.196,0.426,0.041,0.831,0.732,0.388,0.000,0.000,0.000,0.286,0.000,0.000,0.000,1.000,0.933,0.923,0.923,0.375,0.600,0.667,0.929,0.733,0.545,0.231,3
146,MoRO,14.6,Ewaybot Technology,146_MoRO,http://www.ewaybot.cn/,,-0.109,0.341,-2.684,1.042,0.000,0.617,0.117,0.539,0.000,0.000,0.000,0.000,0.000,0.000,0.000,1.000,0.733,0.533,0.667,0.154,0.000,0.067,0.400,0.000,0.615,0.462,4
147,Ewya,4.22,Avatar Controls,147_Ewya,http://www.roboticstrends.com/article/jibo_lookalike_eywa_e1_launching_at_ces,,-0.285,-1.417,-2.362,-1.084,0.000,0.028,0.100,0.000,0.000,0.000,0.000,0.000,0.000,0.000,0.000,0.000,0.000,0.000,0.071,0.071,0.333,0.000,0.067,0.000,0.000,0.000,2
148,5e Nanny Bot,21.43,5 elements,148_5e Nanny Bot,http://5elementsrobotics.com/5enannybot/,,-0.677,-1.104,-0.044,-0.088,0.030,0.134,0.583,0.399,0.000,0.000,0.000,0.071,0.071,0.071,0.000,0.133,0.000,0.077,0.083,0.375,0.933,0.600,0.800,0.000,0.083,0.714,3
149,Leka,12.39,Leka,149_Leka,http://leka.io/,,-0.277,-1.606,0.327,-1.133,0.090,0.000,0.781,0.036,0.067,0.000,0.062,0.429,0.000,0.000,0.071,0.000,0.000,0.000,0.000,0.000,1.000,0.800,0.467,0.857,0.000,0.071,3
151,Cutii,10.84,Yumii,151_Cutii,http://www.yumii.io/index.php/en/our-service/,,-0.145,-1.134,1.011,0.915,0.177,0.187,0.914,0.682,0.308,0.692,0.071,0.083,0.000,0.000,0.083,0.000,0.000,0.000,0.467,0.467,1.000,1.000,0.923,0.733,0.364,1.000,1
152,Heasy,13.76,Hease Robotics,152_Heasy,http://heaserobotics.com/heasy/,,-0.628,-1.031,-0.341,1.44,0.000,0.140,0.514,0.808,0.000,0.000,0.000,0.000,0.000,0.000,0.000,0.000,0.000,0.000,0.467,0.231,0.923,0.400,0.733,0.000,0.615,1.000,4
154,Yumi_TrueSmart,23.56,Omate,154_Yumi_TrueSmart,https://www.omate.com/yumi/,,-0.173,-0.885,1.143,1.73,0.182,0.317,0.911,0.846,0.067,1.000,0.133,0.000,0.071,0.000,0.000,0.400,0.000,0.000,0.800,0.385,1.000,1.000,0.929,0.714,0.692,1.000,4
155,Tapia,11.64,MJI Robotics,155_Tapia,http://mjirobotics.co.jp/en#robot,,-0.8,-1.568,-0.013,-1.1,0.000,0.000,0.584,0.039,0.000,0.000,0.000,0.000,0.000,0.000,0.000,0.000,0.000,0.000,0.000,0.000,0.923,0.733,0.467,0.214,0.000,0.077,4
156,Posy,50.74,Flower Robotics,156_Posy,http://www.flower-robotics.com/robots.html#posy,,0.547,0.749,0.33,-0.761,0.368,0.745,0.808,0.031,0.929,0.000,0.000,0.417,0.154,0.933,0.143,1.000,1.000,0.867,0.786,0.071,1.000,1.000,1.000,0.231,0.000,0.062,2
158,FuRo-S,28.48,Future Robotics,158_FuRo-S,http://www.myfuro.com/furo-s/service-feature/,,1.672,-1.025,0.541,1.837,0.542,0.244,0.873,0.769,0.077,1.000,0.571,0.714,0.429,1.000,0.000,0.133,0.000,0.000,0.933,0.154,0.846,1.000,0.933,0.714,0.538,1.000,4
159,FurRo i-Home,18.24,Furture Robotics,159_FurRo i-Home,http://www.myfuro.com/furo-i/service-feature/,,-0.629,-1.1,0.525,1.4,0.019,0.176,0.774,0.808,0.000,0.133,0.000,0.000,0.000,0.000,0.000,0.000,0.000,0.000,0.571,0.308,0.923,0.933,0.667,0.571,0.615,1.000,4
160,Jimmy,46.26,Intel and Trossen Robotics,160_Jimmy,https://iq.intel.com/my-robot-is-cuter-than-your-robot/,,-0.816,1.172,0.43,-0.884,0.073,0.971,0.750,0.089,0.214,0.067,0.000,0.231,0.000,0.000,0.000,1.000,1.000,0.857,1.000,1.000,1.000,0.929,1.000,0.071,0.111,0.067,2
162,Mung,11,Yonsei University and KAIST (Korean Advanced Institute of Science and Technology),162_Mung,http://delivery.acm.org/10.1145/1520000/1516304/p362-kim.pdf?ip=128.148.231.16&id=1516304&acc=ACTIVE%20SERVICE&key=7777116298C9657D%2EDD490426617BA903%2E4D4702B0C3E38B35%2E4D4702B0C3E38B35&CFID=992460963&CFTOKEN=72282087&__acm__=1507310255_4f6cc0de1236d878bf5b95a5119d1b3a,http://www.roboticstoday.com/robots/mung,-0.368,-1.602,-0.841,-1.175,0.041,0.000,0.406,0.000,0.000,0.000,0.000,0.000,0.000,0.000,0.286,0.000,0.000,0.000,0.000,0.000,0.923,0.500,0.200,0.000,0.000,0.000,2
163,Mabu,37.56,Catalia Health,163_Mabu,http://www.cataliahealth.com/introducing-the-mabu-personal-healthcare-companion/,,-0.122,-1.061,0.994,-1.15,0.139,0.159,1.000,0.000,0.154,0.000,0.000,0.214,0.357,0.000,0.250,0.200,0.000,0.062,0.467,0.067,1.000,1.000,1.000,1.000,0.000,0.000,1
164,Mitra,39.61,Mitra,164_Mitra,http://mitrarobot.com/,,-0.25,1.036,0.432,1.658,0.157,0.931,0.835,0.827,0.214,0.000,0.000,0.154,0.000,0.733,0.000,1.000,0.933,0.867,1.000,0.857,0.923,0.846,1.000,0.571,0.778,0.875,2
165,Airos,18.7,Aisoy,165_Airos,https://aisoy.com/airos.html,https://aisoy.com/airos.html,-0.237,-1.314,1.299,-0.224,0.191,0.142,0.983,0.282,0.067,0.857,0.062,0.214,0.000,0.067,0.071,0.000,0.000,0.000,0.308,0.400,1.000,0.933,1.000,1.000,0.333,0.231,3
166,Babyloid,16.6,Chokyu University,166_Babyloid,http://www.st.chukyo-u.ac.jp/z104123/research.html#,http://www.st.chukyo-u.ac.jp/z104123/research.html#,-0.189,-0.457,0.416,-1.076,0.130,0.362,0.844,0.000,0.400,0.000,0.000,0.000,0.357,0.000,0.154,0.933,0.000,0.267,0.533,0.077,0.846,0.933,0.929,0.667,0.000,0.000,4
167,Ira,47.52,HDFC bank,167_Ira,https://www.youtube.com/watch?v=5vjY1c8N1rk,https://www.youtube.com/watch?v=5vjY1c8N1rk,1.446,0.733,0.441,-0.056,0.549,0.840,0.900,0.189,0.538,0.769,0.154,0.786,0.429,1.000,0.167,1.000,1.000,1.000,0.933,0.267,1.000,1.000,1.000,0.600,0.091,0.286,1
169,Cassie,15.52,Agility robotics,169_Cassie,http://www.agilityrobotics.com/#cover,,Feature data not recorded for this robot.,,,,,,,,,,,,,,,,,,,,,,,,,,
177,R3,31.08,"Instanbul Technical University, Pinar Uluer",177_R3,http://link.springer.com/article/10.1007/s12369-015-0307-x,"Sender notes this is a modified version of the robovie. Modified to work with deaf and hearing impaired children. Thus, it has 5-fingered hands a LED mouth and a RGB-D cam mounted on its torso.",-0.691,0.501,0.519,0.72,0.039,0.706,0.775,0.500,0.13,0.000,0.000,0.143,0.000,0.000,0.000,0.933,0.733,0.786,1.000,0.077,1.000,0.857,0.933,0.308,0.462,0.538,4
179,Troy,21.68,"Brigham Young University, Mark Colton, Mike Goodrich, and others",179_Troy,https://cswiki.cs.byu.edu/ar/dan-s-robot,,0.415,-0.402,0.912,-0.585,0.400,0.440,0.857,0.084,0.73,0.933,0.133,0.071,0.071,0.857,0.000,1.000,0.200,0.133,0.867,0.000,0.923,0.933,1.000,0.571,0.000,0.167,4
180,Bandit II,38.26,Interaction Lab USC,180_Bandit,http://robotics.usc.edu/interaction/robots/,,0.41,0.276,1.138,2.257,0.320,0.746,0.982,0.889,0.00,0.867,0.200,0.308,0.000,0.867,0.000,0.933,1.000,0.867,0.857,0.071,1.000,1.000,1.000,0.929,0.778,1.000,2
181,Sparki,11.17,Archbotics,181_Sparki,http://arcbotics.com/products/sparki/,,-0.276,-1.166,0.406,1.004,0.076,0.134,0.807,0.645,0.14,0.000,0.100,0.000,0.154,0.133,0.000,0.267,0.133,0.200,0.071,0.000,1.000,0.714,0.800,0.714,0.556,0.733,2
182,Maki,26.56,Peachybots,182_Maki,https://www.peachybots.com/,,-0.412,-1.322,1.173,-0.53,0.169,0.101,0.876,0.161,0.00,0.267,0.200,0.000,0.000,0.714,0.000,0.000,0.000,0.000,0.429,0.077,1.000,0.933,1.000,0.571,0.167,0.154,4
183,HomeMate,9.08,"National University of Singapore, and others",183_HomeMate,http://www.wtec.org/HRI/Docs/Human-Robot%20Interaction_final-5.9.12.pdf,,-0.103,0.325,-1.953,0.725,0.043,0.683,0.250,0.522,0.08,0.000,0.000,0.143,0.000,0.000,0.083,1.000,0.933,0.750,0.400,0.333,0.714,0.000,0.286,0.000,0.400,0.643,1
184,eyePi,14.39,"University of Twente, Edwin Dertien",184_eyePi,http://essay.utwente.nl/72331/,,-0.656,-1.343,-0.449,-1.139,0.020,0.015,0.495,0.000,0.00,0.000,0.000,0.071,0.071,0.000,0.000,0.000,0.000,0.077,0.000,0.000,0.714,0.533,0.733,0.000,0.000,0.000,3
185,Reeti,12.6,Robopec,185_reeti,http://www.reeti.fr/index.php/en/,,-0.671,-1.26,1.133,-0.793,0.099,0.133,0.878,0.116,0.00,0.333,0.000,0.071,0.000,0.286,0.000,0.200,0.000,0.000,0.467,0.000,1.000,0.929,0.867,0.714,0.000,0.231,4
186,Hitchbot,32.91,David Harris Smith and Frauke Zeller,186_Hitchbot,http://mir1.hitchbot.me/,,0.041,1.129,0.163,-1.148,0.207,0.944,0.888,0.031,0.93,0.067,0.000,0.231,0.077,0.000,0.143,1.000,1.000,0.933,0.786,1.000,0.833,1.000,0.933,0.786,0.000,0.062,2
187,Roboware E3,31.32,Roboware,187_Roboware_E3,https://www.engadget.com/2008/12/18/roboware-e3-family-robot-spotted-in-action-packed-video/,http://www.roboticstoday.com/robots/roboware-e3,-0.631,0.62,0.769,1.752,0.042,0.768,0.875,0.846,0.07,0.000,0.000,0.154,0.000,0.071,0.000,1.000,0.800,0.867,0.867,0.308,1.000,1.000,1.000,0.500,0.692,1.000,4
188,Reddy,29.8,RoboMotio,188_Reddy,https://www.engadget.com/2007/06/05/reddy-the-emotional-humanoid-robot/,http://www.roboticstoday.com/robots/reddy,-0.171,-0.073,1.098,-0.673,0.222,0.617,0.912,0.039,0.07,1.000,0.200,0.214,0.071,0.000,0.000,0.933,0.667,0.400,0.933,0.154,1.000,0.933,1.000,0.714,0.077,0.000,4
189,Autom,17.24,"Cory Kidd, Intuitive Automota",189_Autom,http://myautom.com/,,-0.829,-1.002,0.844,-0.977,0.040,0.186,0.824,0.077,0.00,0.067,0.067,0.000,0.143,0.000,0.000,0.000,0.000,0.000,0.467,0.462,1.000,0.867,1.000,0.429,0.154,0.000,4
190,Snackbot,34.17,"Carneige Mellon University, Human-computer interaction institiute",190_Snackbot,http://snackbot.org/about-public.html,,-0.395,-0.06,0.574,1.179,0.080,0.504,0.863,0.697,0.07,0.000,0.000,0.357,0.000,0.067,0.071,0.786,0.000,0.462,0.833,0.438,0.933,0.800,0.933,0.786,0.750,0.643,3
191,Amigo,28.13,"Tech United, Eindhoven University of Technology",191_Amigo,http://www.techunited.nl/en/amigo,,-0.084,0.688,-2.269,1.429,0.031,0.751,0.217,0.750,0.00,0.000,0.000,0.214,0.000,0.000,0.000,0.867,0.800,0.692,0.769,0.625,0.267,0.000,0.600,0.000,0.500,1.000,3
193,Hermes,33.4,"Biomimetic Robotics Lab, MIT",193_Hermes,https://biomimetics.mit.edu/research/mit-hermes-project,,-0.61,1.217,-0.605,-1.018,0.062,0.973,0.536,0.036,0.08,0.000,0.000,0.357,0.000,0.000,0.000,1.000,1.000,1.000,0.933,0.933,0.786,0.500,0.857,0.000,0.000,0.071,1
197,Armar-3,38.48,Karlsruhe Institute of Technology,197_Armar-3,https://his.anthropomatik.kit.edu/english/241.php,,-0.173,0.951,0.346,1.235,0.169,0.843,0.750,0.615,0.43,0.067,0.100,0.231,0.000,0.357,0.000,1.000,1.000,1.000,1.000,0.214,1.000,0.929,1.000,0.071,0.667,0.562,2
198,Loomo,16.64,Segway,198_Loomo,http://robot.segway.com/product,,-0.314,0.61,0.466,1.139,0.079,0.788,0.874,0.700,0.15,0.000,0.000,0.214,0.000,0.000,0.182,1.000,0.933,0.875,0.733,0.400,1.000,0.857,0.923,0.714,0.400,1.000,1
199,EVA,22.3,"Delft Biorobotics Lab, Delft University of Technology",199_EVA,http://www.roboticstoday.com/robots/eva,,-0.195,0.462,-0.307,2.071,0.091,0.699,0.633,0.882,0.07,0.357,0.000,0.071,0.000,0.000,0.143,0.867,0.933,0.769,0.615,0.312,0.733,0.667,0.933,0.200,0.917,0.846,3
200,Robohon,42.32,Sharp,200_Robohon,https://robohon.com/global/,,-0.129,0.832,0.726,-0.988,0.187,0.869,0.983,0.081,0.54,0.154,0.000,0.308,0.143,0.000,0.167,1.000,0.600,0.812,0.933,1.000,1.000,1.000,1.000,0.933,0.091,0.071,1
201,Meka M1 mobile manipulator,25.39,"Meka Robotics, acquired by Google X",201_Meka,http://google-acquisitions.silk.co/page/Meka-Robotics,http://www.roboticstoday.com/robots/m1-mobile-manipulator,-0.417,0.23,0.643,0.429,0.109,0.691,0.867,0.477,0.00,0.286,0.067,0.071,0.071,0.267,0.000,0.933,0.800,0.615,0.667,0.438,0.867,0.867,1.000,0.733,0.167,0.786,3
202,Cody,11.26,Georgia Tech Healthcare Robotics Lab,202_Cody,http://pwp.gatech.edu/hrl/robotic-nurse-assistant/,,-0.237,-0.198,-2.139,0.497,0.020,0.458,0.172,0.412,0.07,0.000,0.000,0.000,0.000,0.067,0.000,1.000,0.067,0.467,0.615,0.143,0.417,0.071,0.200,0.000,0.556,0.267,2
204,TELUBee,9.4,Tachi lab,204_TELUBee,http://tachilab.org/projects/11.html,,-0.76,-1.16,0.176,1.233,0.000,0.073,0.631,0.769,0.00,0.000,0.000,0.000,0.000,0.000,0.000,0.000,0.000,0.000,0.133,0.231,0.923,0.600,1.000,0.000,0.538,1.000,4
206,Milo,63.43,RoboKind Hanson Robotics,206_Milo,https://robots4autism.com/,,2.466,0.997,0.11,-0.555,0.713,0.987,1.000,0.042,0.53,0.857,0.312,1.000,0.929,1.000,0.357,1.000,0.933,1.000,1.000,1.000,1.000,1.000,1.000,1.000,0.083,0.000,3
207,Topio Dio,41.92,Tosy Robotics,207_Topio_Dio,http://www.tosy.com/,http://www.roboticstoday.com/robots/topio-dio,0.314,1.042,0.244,1.024,0.285,0.880,0.750,0.637,0.54,0.250,0.000,0.571,0.000,0.467,0.167,1.000,1.000,1.000,0.933,0.467,1.000,1.000,1.000,0.000,0.273,1.000,1
209,Twendy One,29.76,"Waseda University, Shigeki Sugano",209_Twendy_One,http://www.twendyone.com/index_e.html,http://newatlas.com/twendy-one-robot-elderly/14496/,-0.248,0.851,0.518,0.605,0.149,0.853,0.816,0.494,0.15,0.077,0.000,0.286,0.000,0.357,0.167,1.000,1.000,1.000,0.933,0.333,1.000,0.929,1.000,0.333,0.273,0.714,1
210,Wakamaru,35.96,Mitsubishi Heavy Industries,210_Wakamaru,https://www.mitsubishi.com/mpac/e/monitor/back/0602/story.html,,-0.355,0.505,0.279,0.852,0.110,0.734,0.746,0.482,0.13,0.357,0.062,0.077,0.143,0.000,0.000,0.933,0.733,0.769,0.923,0.312,0.933,0.786,0.933,0.333,0.750,0.214,3
214,HERB,25.7,Carneige Mellon University,214_HERB,http://www.roboticstoday.com/robots/herb,,-0.381,0.53,-1.259,1.617,0.010,0.689,0.417,0.768,0.00,0.000,0.000,0.071,0.000,0.000,0.000,0.867,0.667,0.769,0.769,0.375,0.533,0.200,0.800,0.133,0.750,0.786,3
215,E-nuvo,50.61,"Nippon Institute of Technology (NIT), Harada Vehicle Design, ZMP, and ZNUG Design",215_E-nuvo,http://www.robaid.com/robotics/e-nuvo-humanoid-robot-to-be-used-in-educational-purposes.htm,http://www.roboticstoday.com/robots/e-nuvo-humanoid,-0.088,1.052,-1.122,-0.67,0.140,0.845,0.484,0.125,0.27,0.000,0.000,0.500,0.000,0.067,0.143,1.000,0.533,0.692,1.000,1.000,0.467,0.467,0.933,0.067,0.250,0.000,3
216,Robina,32.52,Toyota Partner Series,216_Robina,http://www.toyota-global.com/innovation/partner_robot/family_2.html#h201,,-0.261,0.436,0.364,-0.304,0.142,0.660,0.750,0.174,0.15,0.067,0.000,0.462,0.308,0.000,0.000,1.000,0.933,0.600,0.615,0.154,1.000,1.000,1.000,0.000,0.222,0.125,2
217,Humanoid,52.72,Toyota Partner Series,217_Humanoid,http://www.toyota-global.com/innovation/partner_robot/family_2.html#h202,,-0.206,1.212,0.194,-0.879,0.173,0.960,0.750,0.084,0.39,0.077,0.000,0.357,0.143,0.000,0.250,1.000,0.800,1.000,1.000,1.000,1.000,1.000,1.000,0.000,0.091,0.077,1
218,Mahru,47.65,"Korean Institute of Science and Technology (KIST), Bum-Jae You",218_Mahru,http://eng.kist.re.kr/kist_eng/?sub_num=417&state=view&idx=-82044,,-0.516,1.027,0.213,0.077,0.124,0.879,0.714,0.378,0.50,0.067,0.000,0.231,0.000,0.067,0.000,1.000,0.733,0.733,0.929,1.000,1.000,0.857,1.000,0.000,0.444,0.312,2
219,Manav,41.65,"Laboratory of A-SET Training and Research Institutes, Diwakar Vaish",219_Manav,http://www.diwakarvaish.com/innovations-1.html,,-0.812,1.003,0.793,-0.803,0.051,0.960,0.944,0.111,0.07,0.000,0.000,0.154,0.000,0.133,0.000,1.000,1.000,0.800,1.000,1.000,0.917,0.929,1.000,0.929,0.222,0.000,2
220,Musio,21.28,Musio,220_Musio,https://themusio.com/home,,-0.595,0.362,0.471,-1.336,0.114,0.669,0.750,0.000,0.31,0.077,0.000,0.071,0.071,0.000,0.273,0.933,0.214,0.400,0.800,1.000,1.000,1.000,1.000,0.000,0.000,0.000,1
221,Roboy,53.84,Roboy,221_Roboy,http://roboy.org/,,-0.972,1.136,0.828,-0.767,0.031,1.000,0.893,0.116,0.00,0.000,0.000,0.143,0.000,0.071,0.000,1.000,1.000,1.000,1.000,1.000,1.000,1.000,1.000,0.571,0.231,0.000,4
222,Hoap-3,38.76,Fujitsu Laboratories Ltd,222_Hoap-3,https://pr.fujitsu.com/en/news/2001/09/10.html,http://www.fujitsu.com/jp/group/labs/resources/tech/techguide/list/robotics/p11.html,-0.671,0.948,0.616,-0.47,0.089,0.933,0.842,0.193,0.00,0.267,0.000,0.286,0.071,0.000,0.000,1.000,0.933,0.800,0.933,1.000,1.000,0.867,1.000,0.500,0.308,0.077,4
224,Rolling Justin,37.57,German Aerospace Center (DLR) Robotics and Mechatronics Center,224_Rolling_Justin,http://www.dlr.de/rmc/rm/en/desktopdefault.aspx/tabid-11427/#gallery/29202,,-0.255,1.028,0.082,2.205,0.122,0.873,0.695,0.945,0.21,0.067,0.000,0.231,0.077,0.267,0.000,1.000,0.933,0.933,1.000,0.500,0.923,0.857,1.000,0.000,0.889,1.000,2
225,Aido,10.32,Aido,225_Aido,http://www.aidorobot.com/,,-0.587,-1.226,0.463,-1.084,0.094,0.067,0.679,0.036,0.15,0.000,0.000,0.071,0.000,0.267,0.167,0.000,0.000,0.000,0.267,0.067,1.000,0.857,0.857,0.000,0.000,0.071,1
226,Roboray,45.76,"Samsung, Bristol Robotics Lab, University of Bristol",226_Roboray,http://www.kurzweilai.net/humanoid-robot-builds-real-time-3d-visual-maps-walks-like-humans?utm_source=KurzweilAI+Weekly+Newsletter&utm_campaign=5f16dd6dd7-UA-946742-1&utm_medium=email&utm_term=0_147a5a48c1-5f16dd6dd7-282121285,http://newatlas.com/samsung-humanoid-robot-roboray/24551/,-0.356,1.092,0.431,-0.909,0.184,0.961,0.767,0.072,0.23,0.083,0.000,0.143,0.214,0.533,0.083,1.000,0.867,0.938,1.000,1.000,1.000,1.000,1.000,0.067,0.000,0.143,1
227,Ciros,26.96,Center for Intelligent Robots,227_Ciros,http://www.irobotics.re.kr/eng_sub1_3,,-0.747,0.668,0.445,-0.372,0.063,0.761,0.714,0.189,0.08,0.077,0.000,0.286,0.000,0.000,0.000,1.000,0.800,0.938,0.867,0.200,1.000,0.857,1.000,0.000,0.091,0.286,1
228,Kibo,43.74,Center for Intelligent Robots,228_Kibo,http://www.irobotics.re.kr/eng_sub1_4,,-0.103,0.669,1.001,-0.648,0.236,0.919,0.983,0.111,0.21,0.933,0.200,0.308,0.000,0.000,0.000,1.000,0.933,0.733,0.929,1.000,1.000,1.000,0.933,1.000,0.222,0.000,2
230,Silbot3,31.09,Gaitech Technology,230_Silbot3,http://www.gaitech.hk/?page_id=2190,,0.001,-0.315,1.061,-0.294,0.231,0.510,0.943,0.156,0.14,0.867,0.300,0.308,0.000,0.000,0.000,1.000,0.154,0.467,0.857,0.071,0.917,1.000,0.933,0.923,0.250,0.062,2
231,Sociable TrashBox,4.35,"Interaction Communication Design Lab, Yuto Yamaji",231_Sociable_TrashBox,https://www.icd.cs.tut.ac.jp/projects/stb_en.html,,-0.037,-1.443,-2.212,0.378,0.030,0.025,0.150,0.482,0.07,0.000,0.000,0.071,0.000,0.000,0.071,0.000,0.000,0.000,0.000,0.125,0.533,0.000,0.067,0.000,0.250,0.714,3
234,Ethon,7.65,"Robotics Reserach Lab and Ethorobotics, Budapest University of Technology and Economics, Department of Mechatronics, Optics, and Mechanical Engineering (Peter Korondi, Beata Korcsok) in collaboration with the Ethology Department at Eotvos Lorand University",234_Ethon,https://sites.google.com/a/mogi.bme.hu/ethorobotics/,,-0.469,-1.265,-0.554,0.806,0.031,0.082,0.470,0.597,0.00,0.067,0.000,0.083,0.000,0.067,0.000,0.267,0.000,0.000,0.143,0.000,0.917,0.357,0.533,0.071,0.444,0.750,2
237,Mero3,23.52,Robo Care,237_Mero3,http://kistrobot.tradekorea.com/product/detail/P544187/Event%20Companion%20Robot%20'MERO3%20'.html?minisiteprodgroupno=53094,,0.325,-1.508,1.137,-0.487,0.289,0.040,0.982,0.163,0.23,0.923,0.071,0.571,0.143,0.000,0.083,0.000,0.000,0.000,0.200,0.000,1.000,1.000,0.929,1.000,0.182,0.143,1
238,Qihan Sanbot,22.24,Qihan Technology,238_Qihan_Sanbot,http://sanbot.manufacturer.globalsources.com/si/6008851015498/Homepage.htm,,-0.405,-0.265,0.329,1.38,0.111,0.417,0.662,0.731,0.00,0.400,0.067,0.308,0.000,0.000,0.000,0.933,0.000,0.067,0.933,0.154,0.846,0.800,1.000,0.000,0.538,0.923,4
239,UR3,6.08,Universal Robots,239_UR3,https://www.universal-robots.com/products/ur3-robot/,,-0.168,-1.189,-2.825,-0.937,0.000,0.084,0.033,0.039,0.00,0.000,0.000,0.000,0.000,0.000,0.000,0.133,0.000,0.000,0.133,0.154,0.000,0.000,0.133,0.000,0.000,0.077,4
240,PadBot X1,4.13,PadBot,240_PadBot,http://www.padbot.com/,,0.102,-1.276,-2.808,2.139,0.000,0.043,0.055,0.945,0.00,0.000,0.000,0.000,0.000,0.000,0.000,0.000,0.000,0.000,0.143,0.071,0.154,0.000,0.067,0.000,0.889,1.000,2
241,Luna,29.74,Robo Dynamics,241_Luna,http://www.roboticstoday.com/robots/luna,https://www.youtube.com/watch?v=Ob3nHXiJuww,-0.323,-0.426,0.748,1.017,0.131,0.426,0.848,0.692,0.00,0.500,0.062,0.286,0.000,0.000,0.071,0.800,0.000,0.154,0.615,0.562,0.933,0.857,1.000,0.600,0.455,0.929,3
242,Sphero,2.36,Sphero,242_Sphero,http://www.sphero.com/sphero,,-0.268,-1.559,-1.732,-0.878,0.020,0.000,0.232,0.072,0.00,0.000,0.000,0.000,0.143,0.000,0.000,0.000,0.000,0.000,0.000,0.000,0.571,0.286,0.071,0.000,0.000,0.143,1
243,Ollie,3.64,Sphero,243_Ollie,http://www.sphero.com/ollie,,-0.021,-1.324,-2.368,1.988,0.000,0.057,0.130,0.923,0.00,0.000,0.000,0.000,0.000,0.000,0.000,0.000,0.000,0.000,0.133,0.154,0.385,0.133,0.000,0.000,0.846,1.000,4
244,Meccano MeccaNoid,47.48,Meccano,244_Meccano,http://www.meccano.com/meccanoid-about,,-0.506,1.191,0.018,0.146,0.090,0.987,0.700,0.371,0.00,0.071,0.062,0.429,0.000,0.067,0.000,1.000,0.933,1.000,1.000,1.000,1.000,0.600,0.933,0.267,0.455,0.286,3
245,Tipron,10.74,Tipron,245_Tipron,https://tipron.cerevo.com/en/,,-0.385,-0.964,-0.823,1.289,0.030,0.150,0.484,0.732,0.07,0.143,0.000,0.000,0.000,0.000,0.000,0.067,0.000,0.000,0.308,0.375,0.600,0.267,0.800,0.267,0.750,0.714,3
246,LEGO boost,24.32,LEGO,246_LEGO_boost,https://www.lego.com/en-us/boost,,0.013,0.641,0.546,2.036,0.243,0.789,0.782,0.857,0.39,0.769,0.000,0.143,0.071,0.333,0.000,1.000,0.667,0.812,0.933,0.533,1.000,0.929,1.000,0.200,1.000,0.714,1
247,Keecker,3.04,Keecker,247_Keecker,http://www.keecker.com/,,-0.371,-1.55,-1.911,-1.01,0.000,0.013,0.178,0.036,0.00,0.000,0.000,0.000,0.000,0.000,0.000,0.000,0.000,0.000,0.067,0.000,0.643,0.000,0.000,0.067,0.000,0.071,1
248,Clocky,3.26,Nanda Home,248_Clocky,http://www.nandahome.com/,,0.056,-1.338,-2.472,1.433,0.010,0.053,0.154,0.792,0.00,0.000,0.000,0.071,0.000,0.000,0.000,0.000,0.000,0.000,0.000,0.267,0.214,0.133,0.067,0.200,0.583,1.000,3
249,ARM-S,21,USC Robotics Center,249_ARM-S,http://rasc.usc.edu/arm-s.html,,-0.607,0.767,0.487,0.855,0.052,0.804,0.786,0.523,0.08,0.000,0.000,0.143,0.143,0.000,0.000,1.000,1.000,0.875,0.933,0.214,1.000,0.929,1.000,0.214,0.545,0.500,1
250,Aero DRC,37.88,Team Aero in DRC 2015,250_Aero_DRC,http://archive.darpa.mil/roboticschallenge/finalist/aero.html,,-0.539,0.921,-0.45,0.182,0.049,0.862,0.642,0.423,0.13,0.067,0.000,0.143,0.000,0.000,0.000,1.000,0.643,0.733,0.933,1.000,0.538,0.600,1.000,0.429,0.308,0.538,4
251,HRP 2+,46.28,University of Tokyo,251_HRP2+,http://www.jsk.t.u-tokyo.ac.jp/research.html,,-0.469,1.086,-1.022,-0.457,0.070,0.893,0.485,0.193,0.20,0.067,0.000,0.143,0.000,0.077,0.000,1.000,0.800,0.667,1.000,1.000,0.462,0.333,1.000,0.143,0.231,0.154,4
252,Metal Rebel,45.13,University of Nevada Las Vegas,252_Metal_Rebel,http://www.drc-hubo.com/,,-0.076,0.981,-2.02,-0.397,0.094,0.891,0.276,0.205,0.36,0.000,0.000,0.154,0.077,0.067,0.000,1.000,0.800,0.733,0.923,1.000,0.417,0.286,0.400,0.000,0.222,0.188,2
254,THOR,42.26,Ángel Larrañaga Muro (Open Source on GitHub),254_THOR,https://hackaday.io/project/12989-thor,https://github.com/AngelLM/Thor,-0.38,1.085,-1.562,-0.497,0.055,0.914,0.354,0.174,0.15,0.000,0.000,0.231,0.000,0.000,0.000,1.000,0.929,0.643,1.000,1.000,0.462,0.286,0.667,0.000,0.222,0.125,2
256,DRC Hubo,42.32,University of Nevada Las Vegas,256_DRC_Hubo,http://www.drc-hubo.com/,,-0.347,1.201,-1.263,-1.01,0.083,0.962,0.443,0.036,0.15,0.000,0.000,0.357,0.000,0.067,0.000,1.000,1.000,0.812,1.000,1.000,0.571,0.214,0.786,0.200,0.000,0.071,1
257,Xing Tian,37.44,"Institute of advanced manufacturing technology, Research Institute of robotics and intelligent equipment",257_Xing_Tian,http://www.iamt.cas.cn/,,-0.809,0.556,-0.417,-0.313,0.020,0.709,0.558,0.270,0.00,0.000,0.000,0.143,0.000,0.000,0.000,1.000,0.143,0.600,0.800,1.000,0.692,0.467,1.000,0.071,0.385,0.154,4
258,Running Man,41.12,Institute of Human-Machine Cognition,258_Running_Man,http://robots.ihmc.us/drc,,-0.555,0.721,-0.631,-0.784,0.074,0.766,0.554,0.127,0.15,0.000,0.000,0.231,0.000,0.133,0.000,1.000,0.267,0.562,1.000,1.000,0.643,0.286,1.000,0.286,0.182,0.071,1
259,HRP2-Promet,50.57,Kawada Industries,259_HRP2-Prmoet,http://global.kawada.jp/mechatronics/hrp2.html,,-0.282,0.966,-0.591,-0.683,0.110,0.868,0.613,0.125,0.13,0.000,0.000,0.429,0.071,0.067,0.071,1.000,0.800,0.538,1.000,1.000,0.667,0.500,0.929,0.357,0.250,0.000,3
260,Johnny,50.3,"TU Darmstadt, Team Hector",260_Johnny_Five,http://www.teamhector.de/our-robot,,-0.432,1.136,-0.731,-0.337,0.061,0.927,0.600,0.209,0.00,0.000,0.000,0.429,0.000,0.000,0.000,1.000,0.867,0.846,0.923,1.000,0.533,0.467,0.933,0.467,0.417,0.000,3
261,Walk-Man,33.88,Italian Institute of Technology,261_Walk-Man,https://www.walk-man.eu/,,-0.597,0.913,-0.775,-0.459,0.051,0.840,0.520,0.193,0.00,0.000,0.000,0.214,0.000,0.143,0.000,1.000,0.733,0.600,0.867,1.000,0.538,0.400,1.000,0.143,0.308,0.077,4
262,Escher,37.4,Virgina Tech,262_Escher,http://www.me.vt.edu/research/laboratories/trec/,,-0.565,1.236,-0.818,-1.119,0.060,0.987,0.531,0.000,0.00,0.000,0.000,0.286,0.000,0.133,0.000,1.000,1.000,1.000,0.933,1.000,0.643,0.286,0.929,0.267,0.000,0.000,1
263,Kodomoroid,93.44,Hiroshi Ishiguro Laboratory (HIL),263_Kodomoroid,http://www.geminoid.jp/en/robots.html,,4.232,0.762,-0.497,-0.368,0.980,0.907,1.000,0.000,1.00,1.000,0.929,1.000,0.929,1.000,1.000,1.000,1.000,1.000,1.000,0.533,1.000,1.000,1.000,1.000,0.000,0.000,1
264,Ontonaroid,88.74,Hiroshi Ishiguro Laboratory (HIL),264_Ontonaroid,http://www.geminoid.jp/en/robots.html,,3.915,0.775,-0.378,-0.434,0.941,0.911,1.000,0.000,1.00,1.000,0.875,1.000,1.000,1.000,0.714,0.933,0.933,1.000,1.000,0.688,1.000,1.000,1.000,1.000,0.000,0.000,3
266,Erica,89.6,Hiroshi Ishiguro Laboratory (HIL),266_Erica,http://www.geminoid.jp/en/robots.html,,4.045,0.837,-0.534,-0.39,0.954,0.933,0.982,0.000,1.00,1.000,0.929,1.000,1.000,1.000,0.750,1.000,1.000,1.000,1.000,0.667,0.929,1.000,1.000,1.000,0.000,0.000,1
267,Gemenoid H1-4,92.6,Hiroshi Ishiguro Laboratory (HIL),267_Gemenoid_H1-4,http://www.geminoid.jp/projects/kibans/resources.html,,4.331,0.969,-0.655,-0.478,1.000,1.000,0.982,0.000,1.00,1.000,1.000,1.000,1.000,1.000,1.000,1.000,1.000,1.000,1.000,1.000,1.000,1.000,1.000,0.929,0.000,0.000,4
268,Int-Ball,18.35,Japan Aerospace Exploration Agency (JAXA) ,268_Int-Ball,http://iss.jaxa.jp/en/kiboexp/news/170714_int_ball_en.html,,-0.394,-1.6,0.512,-0.937,0.117,0.000,0.783,0.077,0.07,0.000,0.000,0.154,0.000,0.600,0.000,0.000,0.000,0.000,0.000,0.000,0.933,0.800,0.600,0.800,0.083,0.071,3
269,Surena Mini,50.7,"University of Tehran’s Center for Advanced Systems and Technologies, led by Professor Aghil Yousefi-Koma",269_Surena-Mini,http://castech.ir/,,-0.45,0.636,0.633,-0.868,0.128,0.798,0.857,0.118,0.21,0.067,0.100,0.231,0.077,0.067,0.143,1.000,0.467,0.667,0.857,1.000,1.000,1.000,1.000,0.429,0.111,0.125,2